date,dau,new_players
2020-01-01,10120,1061
2020-01-02,10261,1063
2020-01-03,10285,1065
2020-01-04,10196,1067
2020-01-05,10245,1069
2020-01-06,10254,1070
2020-01-07,10358,1072
2020-01-08,10305,1074
2020-01-09,10299,1076
2020-01-10,10352,1077
2020-01-11,10266,1079
2020-01-12,10416,1081
2020-01-13,10362,1083
2020-01-14,10506,1084
2020-01-15,10563,1086
2020-01-16,10423,1089
2020-01-17,10467,1089
2020-01-18,10461,1092
2020-01-19,10549,1093
2020-01-20,10471,1096
2020-01-21,10578,1097
2020-01-22,10640,1099
2020-01-23,10469,1100
2020-01-24,10488,1103
2020-01-25,10789,1104
2020-01-26,10504,1106
2020-01-27,10526,1108
2020-01-28,10754,1110
2020-01-29,10737,1111
2020-01-30,10635,1114
2020-01-31,10767,1115
2020-02-01,10734,1117
2020-02-02,10626,1119
2020-02-03,10810,1121
2020-02-04,10773,1122
2020-02-05,10869,1125
2020-02-06,10819,1126
2020-02-07,10936,1128
2020-02-08,10667,1130
2020-02-09,10767,1132
2020-02-10,10747,1134
2020-02-11,11013,1135
2020-02-12,10992,1138
2020-02-13,10917,1139
2020-02-14,10933,1141
2020-02-15,10988,1143
2020-02-16,11006,1145
2020-02-17,11178,1147
2020-02-18,10928,1149
2020-02-19,10903,1150
2020-02-20,11090,1153
2020-02-21,11086,1154
2020-02-22,11073,1157
2020-02-23,10950,1158
2020-02-24,11172,1160
2020-02-25,11069,1162
2020-02-26,11275,1164
2020-02-27,11212,1166
2020-02-28,11177,1168
2020-02-29,11331,1169
2020-03-01,11131,1172
2020-03-02,11321,1173
2020-03-03,11313,1176
2020-03-04,11228,1177
2020-03-05,11365,1180
2020-03-06,11398,1181
2020-03-07,11424,1183
2020-03-08,11299,1185
2020-03-09,11301,1187
2020-03-10,11453,1190
2020-03-11,11561,1191
2020-03-12,11521,1193
2020-03-13,11564,1195
2020-03-14,11359,1197
2020-03-15,11410,1198
2020-03-16,11516,1201
2020-03-17,11496,1203
2020-03-18,11651,1205
2020-03-19,11663,1207
2020-03-20,11606,1209
2020-03-21,11587,1210
2020-03-22,11747,1213
2020-03-23,11650,1215
2020-03-24,11811,1217
2020-03-25,11801,1219
2020-03-26,11796,1220
2020-03-27,11672,1223
2020-03-28,11959,1225
2020-03-29,11777,1227
2020-03-30,11753,1229
2020-03-31,11940,1230
2020-04-01,11904,1233
2020-04-02,11936,1235
2020-04-03,11880,1237
2020-04-04,11856,1239
2020-04-05,11793,1241
2020-04-06,11898,1243
2020-04-07,12162,1245
2020-04-08,12106,1248
2020-04-09,12018,1249
2020-04-10,11959,1251
2020-04-11,12197,1253
2020-04-12,11927,1256
2020-04-13,12225,1257
2020-04-14,12279,1260
2020-04-15,11848,1261
2020-04-16,12305,1264
2020-04-17,12263,1266
2020-04-18,12105,1268
2020-04-19,12232,1270
2020-04-20,12170,1272
2020-04-21,12370,1274
2020-04-22,12389,1276
2020-04-23,12344,1278
2020-04-24,12187,1281
2020-04-25,12286,1282
2020-04-26,12506,1285
2020-04-27,12513,1287
2020-04-28,12273,1288
2020-04-29,12530,1291
2020-04-30,12369,1294
2020-05-01,12514,1295
2020-05-02,12431,1297
2020-05-03,12413,1300
2020-05-04,12534,1301
2020-05-05,12601,1304
2020-05-06,12506,1306
2020-05-07,12690,1308
2020-05-08,12668,1310
2020-05-09,12518,1313
2020-05-10,12705,1314
2020-05-11,12600,1317
2020-05-12,12924,1319
2020-05-13,12593,1321
2020-05-14,12529,1323
2020-05-15,12885,1326
2020-05-16,12853,1327
2020-05-17,12750,1330
2020-05-18,12925,1332
2020-05-19,12782,1334
2020-05-20,12809,1336
2020-05-21,12986,1339
2020-05-22,12828,1341
2020-05-23,12831,1343
2020-05-24,13002,1345
2020-05-25,13135,1347
2020-05-26,12979,1350
2020-05-27,12955,1352
2020-05-28,12948,1354
2020-05-29,13018,1356
2020-05-30,13061,1358
2020-05-31,13098,1361
2020-06-01,13113,1363
2020-06-02,13053,1365
2020-06-03,13354,1368
2020-06-04,13063,1369
2020-06-05,13199,1372
2020-06-06,13452,1375
2020-06-07,13125,1376
2020-06-08,13289,1379
2020-06-09,13193,1381
2020-06-10,13258,1383
2020-06-11,13278,1386
2020-06-12,13581,1388
2020-06-13,13364,1390
2020-06-14,13307,1392
2020-06-15,13488,1395
2020-06-16,13464,1397
2020-06-17,13414,1399
2020-06-18,13770,1402
2020-06-19,13451,1404
2020-06-20,13455,1406
2020-06-21,13557,1409
2020-06-22,13696,1410
2020-06-23,13598,1414
2020-06-24,13792,1415
2020-06-25,13397,1418
2020-06-26,13800,1420
2020-06-27,13697,1423
2020-06-28,13736,1424
2020-06-29,13817,1428
2020-06-30,13744,1429
2020-07-01,13665,1432
2020-07-02,13876,1434
2020-07-03,13877,1437
2020-07-04,13835,1439
2020-07-05,13918,1441
2020-07-06,13996,1444
2020-07-07,14030,1446
2020-07-08,13879,1449
2020-07-09,13936,1450
2020-07-10,13923,1454
2020-07-11,14029,1455
2020-07-12,14262,1458
2020-07-13,14092,1461
2020-07-14,14078,1463
2020-07-15,14183,1465
2020-07-16,14211,1468
2020-07-17,14217,1470
2020-07-18,14173,1472
2020-07-19,14237,1475
2020-07-20,14301,1477
2020-07-21,14210,1480
2020-07-22,14405,1482
2020-07-23,14547,1485
2020-07-24,14290,1487
2020-07-25,14337,1490
2020-07-26,14463,1492
2020-07-27,14340,1494
2020-07-28,14367,1497
2020-07-29,14543,1499
2020-07-30,14518,1502
2020-07-31,14655,1504
2020-08-01,14358,1507
2020-08-02,14651,1509
2020-08-03,14668,1512
2020-08-04,14519,1514
2020-08-05,14496,1517
2020-08-06,14670,1519
2020-08-07,14798,1522
2020-08-08,14737,1524
2020-08-09,14558,1527
2020-08-10,14771,1529
2020-08-11,14721,1532
2020-08-12,14929,1534
2020-08-13,14801,1537
2020-08-14,14682,1539
2020-08-15,14955,1542
2020-08-16,14954,1545
2020-08-17,14866,1547
2020-08-18,15060,1549
2020-08-19,14815,1552
2020-08-20,14879,1555
2020-08-21,15123,1557
2020-08-22,15039,1560
2020-08-23,15107,1562
2020-08-24,15009,1565
2020-08-25,15070,1567
2020-08-26,15135,1570
2020-08-27,15207,1573
2020-08-28,15391,1575
2020-08-29,15221,1578
2020-08-30,15268,1580
2020-08-31,15215,1583
2020-09-01,15251,1586
2020-09-02,15286,1588
2020-09-03,15363,1591
2020-09-04,15439,1593
2020-09-05,15275,1596
2020-09-06,15583,1599
2020-09-07,15553,1601
2020-09-08,15312,1604
2020-09-09,15496,1607
2020-09-10,15411,1609
2020-09-11,15521,1612
2020-09-12,15577,1614
2020-09-13,15603,1618
2020-09-14,15790,1619
2020-09-15,15468,1623
2020-09-16,15641,1625
2020-09-17,15783,1628
2020-09-18,15704,1630
2020-09-19,15731,1634
2020-09-20,15829,1636
2020-09-21,15948,1638
2020-09-22,15755,1641
