cohort_week,day_n,cohort_size,retained,retention
2019-12-30,1,5325,115.0,0.0215962441314554
2019-12-30,3,5325,241.0,0.04525821596244131
2019-12-30,7,5325,288.0,0.054084507042253524
2019-12-30,14,5325,241.0,0.04525821596244131
2019-12-30,30,5325,138.0,0.025915492957746478
2020-01-06,1,7529,153.0,0.020321423827865587
2020-01-06,3,7529,359.0,0.047682295125514675
2020-01-06,7,7529,407.0,0.054057643777394075
2020-01-06,14,7529,329.0,0.04369770221809005
2020-01-06,30,7529,182.0,0.02417319697170939
2020-01-13,1,7616,167.0,0.02192752100840336
2020-01-13,3,7616,365.0,0.04792542016806723
2020-01-13,7,7616,456.0,0.059873949579831935
2020-01-13,14,7616,336.0,0.04411764705882353
2020-01-13,30,7616,221.0,0.029017857142857144
2020-01-20,1,7705,145.0,0.01881894873458793
2020-01-20,3,7705,376.0,0.048799480856586634
2020-01-20,7,7705,451.0,0.058533419857235564
2020-01-20,14,7705,356.0,0.046203763789746916
2020-01-20,30,7705,215.0,0.027903958468526932
2020-01-27,1,7794,159.0,0.02040030792917629
2020-01-27,3,7794,363.0,0.04657428791377983
2020-01-27,7,7794,423.0,0.054272517321016164
2020-01-27,14,7794,328.0,0.04208365409289197
2020-01-27,30,7794,232.0,0.029766487041313832
2020-02-03,1,7884,150.0,0.01902587519025875
2020-02-03,3,7884,345.0,0.04375951293759513
2020-02-03,7,7884,408.0,0.0517503805175038
2020-02-03,14,7884,366.0,0.04642313546423135
2020-02-03,30,7884,205.0,0.02600202942668696
2020-02-10,1,7975,148.0,0.018557993730407524
2020-02-10,3,7975,358.0,0.04489028213166144
2020-02-10,7,7975,462.0,0.057931034482758624
2020-02-10,14,7975,352.0,0.044137931034482755
2020-02-10,30,7975,203.0,0.025454545454545455
2020-02-17,1,8068,173.0,0.0214427367377293
2020-02-17,3,8068,351.0,0.043505205751115515
2020-02-17,7,8068,463.0,0.05738720872583044
2020-02-17,14,8068,335.0,0.04152206246901339
2020-02-17,30,8068,230.0,0.028507684680218144
2020-02-24,1,8161,167.0,0.02046317853204264
2020-02-24,3,8161,379.0,0.04644038720745007
2020-02-24,7,8161,467.0,0.05722337948780787
2020-02-24,14,8161,370.0,0.04533758117877711
2020-02-24,30,8161,227.0,0.027815218723195687
2020-03-02,1,8255,172.0,0.020835857056329496
2020-03-02,3,8255,421.0,0.05099939430648092
2020-03-02,7,8255,494.0,0.05984251968503937
2020-03-02,14,8255,368.0,0.04457904300423986
2020-03-02,30,8255,236.0,0.028588734100545125
2020-03-09,1,8351,156.0,0.01868039755717878
2020-03-09,3,8351,397.0,0.04753921686025626
2020-03-09,7,8351,490.0,0.0586756077116513
2020-03-09,14,8351,387.0,0.04634175547838582
2020-03-09,30,8351,219.0,0.02622440426296252
2020-03-16,1,8448,176.0,0.020833333333333332
2020-03-16,3,8448,383.0,0.04533617424242424
2020-03-16,7,8448,521.0,0.06167140151515151
2020-03-16,14,8448,414.0,0.049005681818181816
2020-03-16,30,8448,271.0,0.03207859848484849
2020-03-23,1,8546,154.0,0.01802012637491224
2020-03-23,3,8546,388.0,0.0454013573601685
2020-03-23,7,8546,468.0,0.05476246197051252
2020-03-23,14,8546,372.0,0.0435291364380997
2020-03-23,30,8546,239.0,0.027966300023402762
2020-03-30,1,8644,198.0,0.022906062008329477
2020-03-30,3,8644,398.0,0.04604349838037945
2020-03-30,7,8644,516.0,0.05969458583988894
2020-03-30,14,8644,400.0,0.04627487274409996
2020-03-30,30,8644,255.0,0.02950023137436372
2020-04-06,1,8745,168.0,0.01921097770154374
2020-04-06,3,8745,432.0,0.049399656946826756
2020-04-06,7,8745,495.0,0.05660377358490566
2020-04-06,14,8745,414.0,0.047341337907375644
2020-04-06,30,8745,272.0,0.031103487707261294
2020-04-13,1,8846,185.0,0.020913407189690255
2020-04-13,3,8846,394.0,0.04453990504182682
2020-04-13,7,8846,552.0,0.06240108523626498
2020-04-13,14,8846,420.0,0.04747908659281031
2020-04-13,30,8846,264.0,0.029843997286909337
2020-04-20,1,8948,207.0,0.02313366115333035
2020-04-20,3,8948,384.0,0.042914617791685296
2020-04-20,7,8948,532.0,0.05945462673223067
2020-04-20,14,8948,385.0,0.04302637460885114
2020-04-20,30,8948,241.0,0.026933392936969155
2020-04-27,1,9052,158.0,0.017454706142288997
2020-04-27,3,9052,405.0,0.044741493592576224
2020-04-27,7,9052,512.0,0.05656208572691118
2020-04-27,14,9052,420.0,0.04639858594785683
2020-04-27,30,9052,261.0,0.028833406981882456
2020-05-04,1,9156,187.0,0.02042376583660987
2020-05-04,3,9156,434.0,0.047400611620795105
2020-05-04,7,9156,539.0,0.058868501529051986
2020-05-04,14,9156,429.0,0.04685452162516383
2020-05-04,30,9156,263.0,0.02872433377020533
2020-05-11,1,9263,185.0,0.019971931339738746
2020-05-11,3,9263,452.0,0.04879628630033467
2020-05-11,7,9263,511.0,0.05516571305192702
2020-05-11,14,9263,419.0,0.04523372557486775
2020-05-11,30,9263,257.0,0.027744791104393825
2020-05-18,1,9370,175.0,0.018676627534685165
2020-05-18,3,9370,427.0,0.045570971184631805
2020-05-18,7,9370,552.0,0.058911419423692636
2020-05-18,14,9370,435.0,0.046424759871931696
2020-05-18,30,9370,274.0,0.029242262540021345
2020-05-25,1,9478,175.0,0.01846381093057607
2020-05-25,3,9478,432.0,0.04557923612576493
2020-05-25,7,9478,571.0,0.060244777379193926
2020-05-25,14,9478,420.0,0.04431314623338257
2020-05-25,30,9478,334.0,0.03523950200464233
2020-06-01,1,9588,173.0,0.018043387567793074
2020-06-01,3,9588,442.0,0.04609929078014184
2020-06-01,7,9588,545.0,0.05684188569044639
2020-06-01,14,9588,453.0,0.04724655819774718
2020-06-01,30,9588,272.0,0.028368794326241134
2020-06-08,1,9699,178.0,0.01835240746468708
2020-06-08,3,9699,428.0,0.04412826064542737
2020-06-08,7,9699,548.0,0.0565006701721827
2020-06-08,14,9699,437.0,0.045056191359934016
2020-06-08,30,9699,277.0,0.02855964532426023
2020-06-15,1,9812,189.0,0.019262128006522626
2020-06-15,3,9812,474.0,0.04830819404810436
2020-06-15,7,9812,558.0,0.056869139828781085
2020-06-15,14,9812,453.0,0.046167957602935183
2020-06-15,30,9812,250.0,0.025479005299633102
2020-06-22,1,9924,212.0,0.021362353889560662
2020-06-22,3,9924,445.0,0.044840790004030635
2020-06-22,7,9924,572.0,0.05763804917372027
2020-06-22,14,9924,444.0,0.044740024183796856
2020-06-22,30,9924,295.0,0.029725916968964126
2020-06-29,1,10040,220.0,0.021912350597609563
2020-06-29,3,10040,476.0,0.047410358565737054
2020-06-29,7,10040,619.0,0.061653386454183265
2020-06-29,14,10040,471.0,0.046912350597609564
2020-06-29,30,10040,298.0,0.029681274900398406
2020-07-06,1,10156,192.0,0.018905080740448995
2020-07-06,3,10156,514.0,0.050610476565576996
2020-07-06,7,10156,616.0,0.060653800708940525
2020-07-06,14,10156,497.0,0.04893658920834974
2020-07-06,30,10156,298.0,0.02934226073257188
2020-07-13,1,10274,216.0,0.021023943936149505
2020-07-13,3,10274,493.0,0.04798520537278567
2020-07-13,7,10274,558.0,0.05431185516838622
2020-07-13,14,10274,470.0,0.045746544675880865
2020-07-13,30,10274,311.0,0.030270585945104147
2020-07-20,1,10393,225.0,0.021649186952756663
2020-07-20,3,10393,473.0,0.04551140190512845
2020-07-20,7,10393,626.0,0.06023284903300298
2020-07-20,14,10393,490.0,0.04714711825267007
2020-07-20,30,10393,294.0,0.02828827095160204
2020-07-27,1,10512,202.0,0.01921613394216134
2020-07-27,3,10512,453.0,0.043093607305936074
2020-07-27,7,10512,586.0,0.05574581430745814
2020-07-27,14,10512,458.0,0.04356925418569254
2020-07-27,30,10512,268.0,0.025494672754946726
2020-08-03,1,10635,224.0,0.021062529384109074
2020-08-03,3,10635,495.0,0.0465444287729196
2020-08-03,7,10635,634.0,0.05961448048895158
2020-08-03,14,10635,459.0,0.04315937940761636
2020-08-03,30,10635,279.0,0.02623413258110014
2020-08-10,1,10758,200.0,0.018590816136828406
2020-08-10,3,10758,482.0,0.04480386688975646
2020-08-10,7,10758,613.0,0.05698085145937907
2020-08-10,14,10758,527.0,0.04898680052054285
2020-08-10,30,10758,307.0,0.028536902770031604
2020-08-17,1,10882,239.0,0.021962874471604485
2020-08-17,3,10882,525.0,0.048244807939716965
2020-08-17,7,10882,686.0,0.0630398823745635
2020-08-17,14,10882,519.0,0.0476934387061202
2020-08-17,30,10882,331.0,0.03041720272008822
2020-08-24,1,11008,209.0,0.018986191860465115
2020-08-24,3,11008,501.0,0.04551235465116279
2020-08-24,7,11008,640.0,0.05813953488372093
2020-08-24,14,11008,507.0,0.04605741279069767
2020-08-31,1,11136,264.0,0.023706896551724137
2020-08-31,3,11136,502.0,0.045079022988505746
2020-08-31,7,11136,663.0,0.05953663793103448
2020-08-31,14,11136,525.0,0.04714439655172414
2020-09-07,1,11265,220.0,0.019529516200621395
2020-09-07,3,11265,519.0,0.04607190412782956
2020-09-07,7,11265,674.0,0.05983133599644918
2020-09-14,1,11395,231.0,0.02027204914436156
