date,dau,wau,mau,new_players,returning_players,stickiness
2020-01-01,10120,43698,66125,1061,9059,0.15304347826086956
2020-01-02,10261,43747,66217,1063,9198,0.15496020659347298
2020-01-03,10285,43840,66284,1065,9220,0.15516565083579748
2020-01-04,10196,43909,66372,1067,9129,0.15361899596215273
2020-01-05,10245,43985,66508,1069,9176,0.15404161905334696
2020-01-06,10254,44088,66609,1070,9184,0.15394316083412152
2020-01-07,10358,44150,66746,1072,9286,0.15518532945794505
2020-01-08,10305,44246,66886,1074,9231,0.1540681158986933
2020-01-09,10299,44293,66998,1076,9223,0.15372100659721186
2020-01-10,10352,44346,67110,1077,9275,0.15425420950677993
2020-01-11,10266,44425,67208,1079,9187,0.1527496726580169
2020-01-12,10416,44478,67283,1081,9335,0.15480879271138326
2020-01-13,10362,44537,67399,1083,9279,0.15374115342957612
2020-01-14,10506,44638,67522,1084,9422,0.15559373241313942
2020-01-15,10563,44719,67632,1086,9477,0.1561834634492548
2020-01-16,10423,44752,67784,1089,9334,0.15376785082025257
2020-01-17,10467,44830,67910,1089,9378,0.15413046679428655
2020-01-18,10461,44899,67989,1092,9369,0.15386312491726603
2020-01-19,10549,44969,68066,1093,9456,0.15498192930391091
2020-01-20,10471,45057,68191,1096,9375,0.15355398806294085
2020-01-21,10578,45155,68306,1097,9481,0.15486194477791115
2020-01-22,10640,45235,68432,1099,9541,0.15548281505728315
2020-01-23,10469,45332,68518,1100,9369,0.15279196707434542
2020-01-24,10488,45371,68602,1103,9385,0.15288184017958661
2020-01-25,10789,45466,68692,1104,9685,0.1570634134979328
2020-01-26,10504,45527,68826,1106,9398,0.15261674367244937
2020-01-27,10526,45620,68936,1108,9418,0.15269235232679587
2020-01-28,10754,45681,69053,1110,9644,0.15573544958220498
2020-01-29,10737,45731,69197,1111,9626,0.15516568637368672
2020-01-30,10635,45799,69301,1114,9521,0.15346098901891747
2020-01-31,10767,45860,69438,1115,9652,0.15505918949278494
2020-02-01,10734,45905,69526,1117,9617,0.154388286396456
2020-02-02,10626,45973,69621,1119,9507,0.15262636273538158
2020-02-03,10810,46030,69742,1121,9689,0.1549998566143787
2020-02-04,10773,46102,69836,1122,9651,0.15426141245203048
2020-02-05,10869,46185,69937,1125,9744,0.15541129874029483
2020-02-06,10819,46270,70080,1126,9693,0.15438070776255708
2020-02-07,10936,46328,70203,1128,9808,0.15577681865447346
2020-02-08,10667,46380,70277,1130,9537,0.15178507904435307
2020-02-09,10767,46474,70398,1132,9635,0.15294468592857752
2020-02-10,10747,46553,70509,1134,9613,0.1524202584067282
2020-02-11,11013,46637,70621,1135,9878,0.15594511547556675
2020-02-12,10992,46729,70751,1138,9854,0.15536176167121313
2020-02-13,10917,46818,70891,1139,9778,0.15399698128112171
2020-02-14,10933,46892,71013,1141,9792,0.15395772605015984
2020-02-15,10988,46910,71153,1143,9845,0.15442778238443916
2020-02-16,11006,46988,71234,1145,9861,0.15450487126933768
2020-02-17,11178,47074,71372,1147,10031,0.15661603990360365
2020-02-18,10928,47162,71476,1149,9779,0.15289048072080139
2020-02-19,10903,47224,71611,1150,9753,0.1522531454664786
2020-02-20,11090,47297,71715,1153,9937,0.15463989402495992
2020-02-21,11086,47376,71808,1154,9932,0.15438391265597148
2020-02-22,11073,47445,71919,1157,9916,0.15396487715346432
2020-02-23,10950,47539,72023,1158,9792,0.15203476667175764
2020-02-24,11172,47635,72111,1160,10012,0.15492781961143237
2020-02-25,11069,47725,72222,1162,9907,0.15326354850322615
2020-02-26,11275,47737,72322,1164,10111,0.15590000276541024
2020-02-27,11212,47835,72438,1166,10046,0.15478063999558242
2020-02-28,11177,47915,72564,1168,10009,0.15402954633151425
2020-02-29,11331,48005,72692,1169,10162,0.1558768502723821
2020-03-01,11131,48085,72794,1172,9959,0.15291095419952194
2020-03-02,11321,48195,72889,1173,10148,0.15531836079518171
2020-03-03,11313,48289,73027,1176,10137,0.15491530529804046
2020-03-04,11228,48367,73149,1177,10051,0.15349492132496684
2020-03-05,11365,48455,73278,1180,10185,0.15509429842517536
2020-03-06,11398,48560,73413,1181,10217,0.15525860542410744
2020-03-07,11424,48647,73546,1183,10241,0.15533135724580535
2020-03-08,11299,48694,73664,1185,10114,0.1533856429192007
2020-03-09,11301,48754,73726,1187,10114,0.15328378048449665
2020-03-10,11453,48821,73849,1190,10263,0.15508673103224146
2020-03-11,11561,48928,73979,1191,10370,0.15627407777882912
2020-03-12,11521,49003,74111,1193,10328,0.15545600518141706
2020-03-13,11564,49096,74218,1195,10369,0.15581125872429868
2020-03-14,11359,49160,74335,1197,10162,0.1528082329992601
2020-03-15,11410,49253,74458,1198,10212,0.1532407531762873
2020-03-16,11516,49344,74571,1201,10315,0.15443000630271822
2020-03-17,11496,49399,74710,1203,10293,0.15387498326863874
2020-03-18,11651,49520,74851,1205,10446,0.15565590306074736
2020-03-19,11663,49578,74986,1207,10456,0.15553569999733283
2020-03-20,11606,49672,75043,1209,10397,0.15465799608224617
2020-03-21,11587,49781,75185,1210,10377,0.1541131874709051
2020-03-22,11747,49872,75310,1213,10534,0.15598194130925508
2020-03-23,11650,49976,75446,1215,10435,0.15441507833417278
2020-03-24,11811,50080,75571,1217,10594,0.15629011128607534
2020-03-25,11801,50214,75727,1219,10582,0.15583609544812285
2020-03-26,11796,50290,75865,1220,10576,0.15548671983127924
2020-03-27,11672,50391,75989,1223,10449,0.15360117911803023
2020-03-28,11959,50518,76122,1225,10734,0.15710307138540763
2020-03-29,11777,50604,76273,1227,10550,0.1544058841267552
2020-03-30,11753,50675,76406,1229,10524,0.1538229981938591
2020-03-31,11940,50747,76498,1230,10710,0.15608251196109701
2020-04-01,11904,50805,76604,1233,10671,0.15539658503472403
2020-04-02,11936,50899,76716,1235,10701,0.15558683977266802
2020-04-03,11880,50992,76869,1237,10643,0.15454864769933263
2020-04-04,11856,51045,76990,1239,10617,0.15399402519807767
2020-04-05,11793,51107,77129,1241,10552,0.15289968753646488
2020-04-06,11898,51174,77239,1243,10655,0.15404135216665157
2020-04-07,12162,51224,77379,1245,10917,0.15717442717016245
2020-04-08,12106,51281,77517,1248,10858,0.15617219448637074
2020-04-09,12018,51388,77618,1249,10769,0.15483521863485275
2020-04-10,11959,51500,77785,1251,10708,0.1537442951725911
2020-04-11,12197,51615,77889,1253,10944,0.15659464109181015
2020-04-12,11927,51708,78030,1256,10671,0.15285146738433936
2020-04-13,12225,51775,78186,1257,10968,0.15635791573939067
2020-04-14,12279,51855,78324,1260,11019,0.15677187069097595
2020-04-15,11848,51951,78474,1261,10587,0.15097994240130488
2020-04-16,12305,52054,78625,1264,11041,0.15650238473767886
2020-04-17,12263,52157,78806,1266,10997,0.15560997893561404
2020-04-18,12105,52217,78930,1268,10837,0.153363740022805
2020-04-19,12232,52317,79078,1270,10962,0.15468271832873873
2020-04-20,12170,52387,79252,1272,10898,0.15356079341846263
2020-04-21,12370,52517,79385,1274,11096,0.15582288845499778
2020-04-22,12389,52625,79503,1276,11113,0.15583059758751241
2020-04-23,12344,52711,79623,1278,11066,0.15503058161586478
2020-04-24,12187,52818,79729,1281,10906,0.15285529731967037
2020-04-25,12286,52931,79870,1282,11004,0.1538249655690497
2020-04-26,12506,53011,80011,1285,11221,0.15630350826761322
2020-04-27,12513,53101,80112,1287,11226,0.15619382863990414
2020-04-28,12273,53193,80221,1288,10985,0.15298986549656574
2020-04-29,12530,53258,80336,1291,11239,0.1559699263095001
2020-04-30,12369,53313,80435,1294,11075,0.15377634114502392
2020-05-01,12514,53395,80539,1295,11219,0.1553781397832106
2020-05-02,12431,53516,80694,1297,11134,0.15405110664981286
2020-05-03,12413,53593,80855,1300,11113,0.1535217364417785
2020-05-04,12534,53674,81018,1301,11233,0.15470636154928535
2020-05-05,12601,53772,81159,1304,11297,0.1552631254697569
2020-05-06,12506,53864,81275,1306,11200,0.15387265456782528
2020-05-07,12690,53930,81403,1308,11382,0.15589106052602483
2020-05-08,12668,53984,81548,1310,11358,0.15534409182322068
2020-05-09,12518,54054,81700,1313,11205,0.15321909424724603
2020-05-10,12705,54149,81851,1314,11391,0.15522107243650046
2020-05-11,12600,54272,81960,1317,11283,0.15373352855051245
2020-05-12,12924,54345,82109,1319,11605,0.15740052856568706
2020-05-13,12593,54421,82228,1321,11272,0.1531473464026852
2020-05-14,12529,54534,82407,1323,11206,0.15203805501959786
2020-05-15,12885,54637,82565,1326,11559,0.15605886271422514
2020-05-16,12853,54725,82700,1327,11526,0.15541717049576784
2020-05-17,12750,54774,82856,1330,11420,0.15388143284734962
2020-05-18,12925,54883,83019,1332,11593,0.15568725231573496
2020-05-19,12782,54973,83148,1334,11448,0.15372588637128975
2020-05-20,12809,55056,83287,1336,11473,0.15379350919111026
2020-05-21,12986,55168,83430,1339,11647,0.15565144432458347
2020-05-22,12828,55243,83545,1341,11487,0.1535459931773296
2020-05-23,12831,55302,83649,1343,11488,0.1533909550622243
2020-05-24,13002,55450,83781,1345,11657,0.15519031761377877
2020-05-25,13135,55549,83952,1347,11788,0.1564584524490185
2020-05-26,12979,55643,84079,1350,11629,0.15436672653100061
2020-05-27,12955,55774,84211,1352,11603,0.15383975965135196
2020-05-28,12948,55839,84359,1354,11594,0.15348688343863726
2020-05-29,13018,55958,84501,1356,11662,0.15405734843374636
2020-05-30,13061,56020,84617,1358,11703,0.154354325962868
2020-05-31,13098,56138,84722,1361,11737,0.15459974976983545
2020-06-01,13113,56180,84842,1363,11750,0.15455788406685367
2020-06-02,13053,56277,84988,1365,11688,0.1535863886666353
2020-06-03,13354,56341,85162,1368,11986,0.1568070266081116
2020-06-04,13063,56430,85285,1369,11694,0.1531687870082664
2020-06-05,13199,56525,85412,1372,11827,0.15453332084484617
2020-06-06,13452,56647,85577,1375,12077,0.15719176881638758
2020-06-07,13125,56766,85730,1376,11749,0.15309693222909132
2020-06-08,13289,56866,85870,1379,11910,0.15475719110282987
2020-06-09,13193,56954,85970,1381,11812,0.1534605094800512
2020-06-10,13258,57037,86130,1383,11875,0.1539301056542436
2020-06-11,13278,57092,86272,1386,11892,0.15390856824925817
2020-06-12,13581,57181,86407,1388,12193,0.15717476593331559
2020-06-13,13364,57264,86570,1390,11974,0.1543721843594779
2020-06-14,13307,57373,86696,1392,11915,0.15349035710990128
2020-06-15,13488,57472,86807,1395,12093,0.15537917449053648
2020-06-16,13464,57574,87007,1397,12067,0.154746169848403
2020-06-17,13414,57720,87158,1399,12015,0.15390440349709722
2020-06-18,13770,57837,87304,1402,12368,0.1577247319710437
2020-06-19,13451,57928,87487,1404,12047,0.15374855692845793
2020-06-20,13455,57985,87604,1406,12049,0.15358887722021825
2020-06-21,13557,58096,87776,1409,12148,0.15444996354356544
2020-06-22,13696,58171,87890,1410,12286,0.155831152577085
2020-06-23,13598,58238,88061,1414,12184,0.1544156891245841
2020-06-24,13792,58346,88155,1415,12377,0.15645170438432307
2020-06-25,13397,58418,88305,1418,11979,0.15171281354396693
2020-06-26,13800,58530,88421,1420,12380,0.15607152147114373
2020-06-27,13697,58659,88564,1423,12274,0.15465651957906146
2020-06-28,13736,58733,88711,1424,12312,0.15483987329643448
2020-06-29,13817,58837,88886,1428,12389,0.15544630200481516
2020-06-30,13744,58923,89058,1429,12315,0.15432639403534776
2020-07-01,13665,59048,89211,1432,12233,0.15317617782560447
2020-07-02,13876,59149,89352,1434,12442,0.15529590831766496
2020-07-03,13877,59260,89489,1437,12440,0.15506933813094348
2020-07-04,13835,59285,89597,1439,12396,0.15441365224282064
2020-07-05,13918,59377,89739,1441,12477,0.155094217675704
2020-07-06,13996,59495,89876,1444,12552,0.15572566647380837
2020-07-07,14030,59601,90039,1446,12584,0.15582136629682694
2020-07-08,13879,59707,90192,1449,12430,0.15388282774525458
2020-07-09,13936,59814,90347,1450,12486,0.15424972605620552
2020-07-10,13923,59955,90548,1454,12469,0.15376374961346467
2020-07-11,14029,60086,90718,1455,12574,0.15464406181794133
2020-07-12,14262,60183,90863,1458,12804,0.15696157952081705
2020-07-13,14092,60249,90975,1461,12631,0.1548996977191536
2020-07-14,14078,60344,91140,1463,12615,0.15446565723063418
2020-07-15,14183,60432,91270,1465,12718,0.155396077572039
2020-07-16,14211,60569,91391,1468,12743,0.15549671193005876
2020-07-17,14217,60686,91554,1470,12747,0.15528540533455665
2020-07-18,14173,60782,91680,1472,12701,0.15459205933682374
2020-07-19,14237,60903,91847,1475,12762,0.15500778468540072
2020-07-20,14301,61007,92030,1477,12824,0.1553949798978594
2020-07-21,14210,61082,92160,1480,12730,0.15418836805555555
2020-07-22,14405,61183,92318,1482,12923,0.15603674256374706
2020-07-23,14547,61329,92460,1485,13062,0.1573329007138222
2020-07-24,14290,61412,92640,1487,12803,0.15425302245250433
2020-07-25,14337,61555,92797,1490,12847,0.15449852904727523
2020-07-26,14463,61650,92963,1492,12971,0.15557802566612522
2020-07-27,14340,61738,93043,1494,12846,0.1541222875444687
2020-07-28,14367,61789,93191,1497,12870,0.15416724791020592
2020-07-29,14543,61903,93364,1499,13044,0.15576667666338204
2020-07-30,14518,61996,93526,1502,13016,0.15522956183307315
2020-07-31,14655,62098,93687,1504,13151,0.15642511767908035
2020-08-01,14358,62275,93851,1507,12851,0.15298718180946394
2020-08-02,14651,62380,94047,1509,13142,0.1557838102225483
2020-08-03,14668,62434,94235,1512,13156,0.1556534196423834
2020-08-04,14519,62553,94388,1514,13005,0.15382251981184047
2020-08-05,14496,62630,94510,1517,12979,0.1533805946460692
2020-08-06,14670,62684,94661,1519,13151,0.15497406534898217
2020-08-07,14798,62754,94806,1522,13276,0.15608716747885154
2020-08-08,14737,62885,94999,1524,13213,0.15512794871524963
2020-08-09,14558,62981,95173,1527,13031,0.1529635505868261
2020-08-10,14771,63047,95326,1529,13242,0.15495247886201036
2020-08-11,14721,63089,95504,1532,13189,0.15414014072708995
2020-08-12,14929,63215,95665,1534,13395,0.15605498353629854
2020-08-13,14801,63343,95797,1537,13264,0.1545037944820819
2020-08-14,14682,63451,95955,1539,13143,0.1530092230733156
2020-08-15,14955,63515,96158,1542,13413,0.1555252813078475
2020-08-16,14954,63630,96299,1545,13409,0.15528717847537357
2020-08-17,14866,63745,96499,1547,13319,0.15405340987989513
2020-08-18,15060,63864,96651,1549,13511,0.15581835676816588
2020-08-19,14815,63909,96797,1552,13263,0.15305226401644678
2020-08-20,14879,63991,96906,1555,13324,0.1535405444451324
2020-08-21,15123,64068,97078,1557,13566,0.1557819485362286
2020-08-22,15039,64172,97229,1560,13479,0.15467607401084038
2020-08-23,15107,64249,97389,1562,13545,0.1551201881115937
2020-08-24,15009,64366,97624,1565,13444,0.15374293206588543
2020-08-25,15070,64492,97787,1567,13503,0.15411046458118155
2020-08-26,15135,64640,97899,1570,13565,0.1545981062115037
2020-08-27,15207,64771,98077,1573,13634,0.1550516430967505
2020-08-28,15391,64870,98212,1575,13816,0.15671201075225025
2020-08-29,15221,65025,98325,1578,13643,0.15480294940249173
2020-08-30,15268,65166,98453,1580,13688,0.15507907326338455
2020-08-31,15215,65306,98643,1583,13632,0.1542430785762801
2020-09-01,15251,65416,98798,1586,13665,0.1543654729852831
2020-09-02,15286,65503,98923,1588,13698,0.1545242259130839
2020-09-03,15363,65601,99024,1591,13772,0.155144207464857
2020-09-04,15439,65696,99209,1593,13846,0.1556209618079005
2020-09-05,15275,65785,99396,1596,13679,0.1536782164272204
2020-09-06,15583,65900,99564,1599,13984,0.1565123940380057
2020-09-07,15553,65997,99687,1601,13952,0.15601833739604964
2020-09-08,15312,66118,99861,1604,13708,0.15333313305494636
2020-09-09,15496,66249,100036,1607,13889,0.1549042344755888
2020-09-10,15411,66421,100215,1609,13802,0.1537793743451579
2020-09-11,15521,66540,100320,1612,13909,0.15471491228070175
2020-09-12,15577,66645,100461,1614,13963,0.15505519554852132
2020-09-13,15603,66731,100599,1618,13985,0.1551009453374288
2020-09-14,15790,66839,100762,1619,14171,0.15670590103412
2020-09-15,15468,67002,100900,1623,13845,0.15330029732408326
2020-09-16,15641,67088,101077,1625,14016,0.15474341343728049
2020-09-17,15783,67177,101264,1628,14155,0.1558599304787486
2020-09-18,15704,67292,101472,1630,14074,0.15476190476190477
2020-09-19,15731,67405,101664,1634,14097,0.15473520616934214
2020-09-20,15829,67502,101824,1636,14193,0.15545450974230043
2020-09-21,15948,67603,102039,1638,14310,0.15629318201863993
2020-09-22,15755,67733,102241,1641,14114,0.15409669310746177
