area,metric,value
window,new_players,353915.0
window,players_with_30_days,305832.0
retention,d1,0.020149088493615765
retention,d3,0.046269340974212037
retention,d7,0.058134272358044047
retention,d14,0.045745377905133444
retention,d30,0.028509116116037563
retention,peak_day,6.0
retention,peak_retention,0.06915270787078476
retention,best_cohort_d7,0.0630398823745635
retention,worst_cohort_d7,0.0517503805175038
onboarding,players,305832.0
onboarding,never_returned_30d,0.7604436422611107
onboarding,returned_within_7d,0.23955635773888934
onboarding,returners_back_on_d1,0.08384745577637039
onboarding,median_first_return_day,4.0
onboarding,first_return_on_d1_share_of_all,0.020086191111459886
onboarding,cookie_cats_never_played,0.0442847797403231
onboarding,cookie_cats_under_10_rounds,0.37961392187517323
onboarding,gate_test.d1.rate_a,0.4481879194630872
onboarding,gate_test.d1.rate_b,0.44228274967574577
onboarding,gate_test.d1.diff,-0.005905169787341458
onboarding,gate_test.d1.ci_low,-0.012392558656738065
onboarding,gate_test.d1.ci_high,0.0005822190820551484
onboarding,gate_test.d1.z,-1.7840862247974725
onboarding,gate_test.d1.p_value,0.07440965529691913
onboarding,gate_test.d7.rate_a,0.19020134228187918
onboarding,gate_test.d7.rate_b,0.18200004396667327
onboarding,gate_test.d7.diff,-0.008201298315205913
onboarding,gate_test.d7.ci_low,-0.01328164577146224
onboarding,gate_test.d7.ci_high,-0.003120950858949586
onboarding,gate_test.d7.z,-3.164358912748191
onboarding,gate_test.d7.p_value,0.001554249975614329
onboarding,gate_30_reached_30_rounds,0.37261744966442956
engagement,dau_jan_avg,10453.09677419355
engagement,dau_last30_avg,15461.166666666666
engagement,mau_last_day,102241.0
engagement,stickiness_last30_avg,0.15490143023661185
engagement,returning_share_of_dau_last30,0.8963359815451616
engagement,segments.One-and-done.share_of_players,0.7604436422611107
engagement,segments.One-and-done.share_of_logins,0.33211237395915
engagement,segments.Tried it.share_of_players,0.056733762327029216
engagement,segments.Tried it.share_of_logins,0.07425003819960616
engagement,segments.Regular.share_of_players,0.14165947317481492
engagement,segments.Regular.share_of_logins,0.4247067912473635
engagement,segments.Core.share_of_players,0.04116312223704518
engagement,segments.Core.share_of_logins,0.16893079659388036
monetization,players_a,202103.0
monetization,payers_a,1928.0
monetization,conversion_a,0.009539690157988749
monetization,revenue_a,5136189.0
monetization,arpu_a,25.413719736965806
monetization,arppu_a,2663.9984439834025
monetization,median_payer_revenue_a,311.0
monetization,top_1pct_payer_revenue_share_a,0.1382295316624836
monetization,players_b,202667.0
monetization,payers_b,1805.0
monetization,conversion_b,0.008906235351586593
monetization,revenue_b,5421603.0
monetization,arpu_b,26.75128659327863
monetization,arppu_b,3003.6581717451522
monetization,median_payer_revenue_b,3022.0
monetization,top_1pct_payer_revenue_share_b,0.013252906935458018
monetization,tests.conversion.rate_a,0.009539690157988749
monetization,tests.conversion.rate_b,0.008906235351586593
monetization,tests.conversion.diff,-0.0006334548064021554
monetization,tests.conversion.ci_low,-0.0012224522825066756
monetization,tests.conversion.ci_high,-4.4457330297635296e-05
monetization,tests.conversion.z,-2.108028495889841
monetization,tests.conversion.p_value,0.035028524642854865
monetization,tests.arpu.diff,1.3375668563128222
monetization,tests.arpu.ci_low,-2.8597924192196986
monetization,tests.arpu.ci_high,5.505631227651213
monetization,tests.arpu.p_value,0.5068
monetization,tests.arppu.diff,339.65972776174976
monetization,tests.arppu.ci_low,-60.26844680664581
monetization,tests.arppu.ci_high,745.5208347246006
monetization,tests.arppu.p_value,0.098
monetization,tests.arpu_without_10k_payers.diff,24.048360560998205
monetization,tests.arpu_without_10k_payers.ci_low,22.80779642926375
monetization,tests.arpu_without_10k_payers.ci_high,25.321541705569274
monetization,tests.arpu_without_10k_payers.p_value,0.0
monetization,tests.group_a_10k_payers,123.0
monetization,tests.group_a_10k_revenue_share,0.8937077665950377
player_voice,reviews,25719.0
player_voice,games,9.0
player_voice,avg_stars,3.2428165947354097
player_voice,share_negative,0.34958590924997085
player_voice,themes.Too hard / stuck.share_of_reviews,0.057933823243516466
player_voice,themes.Bugs & crashes.share_of_reviews,0.09277188071075858
player_voice,themes.Lost progress.share_of_reviews,0.012597690423422372
player_voice,themes.Rewards & boosters.share_of_reviews,0.14883937944710138
player_voice,themes.Prices & pay-to-win.share_of_reviews,0.1864380419145379
player_voice,themes.Ads.share_of_reviews,0.14732299078502276
player_voice,themes.Events & new content.share_of_reviews,0.08592869085112174
player_voice,themes.Friends & teams.share_of_reviews,0.08099070725922469
player_voice,themes.Lives & waiting.share_of_reviews,0.052801430848788834
player_voice,themes.Fun & relaxing.share_of_reviews,0.4646370387651153
player_voice,themes.Too hard / stuck.negative_lift,4.067535142815635
player_voice,themes.Bugs & crashes.negative_lift,3.319574160844002
player_voice,themes.Lost progress.negative_lift,3.008951934390531
player_voice,themes.Rewards & boosters.negative_lift,2.1497440086310045
player_voice,themes.Prices & pay-to-win.negative_lift,2.134202464876224
player_voice,themes.Ads.negative_lift,1.8046641293003969
player_voice,themes.Events & new content.negative_lift,1.795299051811193
player_voice,themes.Friends & teams.negative_lift,1.653890186482779
player_voice,themes.Lives & waiting.negative_lift,1.2145353048376213
player_voice,themes.Fun & relaxing.negative_lift,0.47020404429276913
