day_n,eligible,retained,retention
1,352274,7098,0.020149088493615765
2,350636,14377,0.041002635211444344
3,349000,16148,0.046269340974212037
4,347366,18383,0.05292112641997202
5,345736,20820,0.06021935812296087
6,344108,23796,0.06915270787078476
7,342483,19910,0.058134272358044047
8,340860,16382,0.04806078742005516
9,339241,17362,0.05117895537390822
10,337623,17561,0.05201363651173054
11,336009,17386,0.05174266165489615
12,334397,17093,0.051115889197570555
13,332788,16329,0.04906727406036275
14,331181,15150,0.045745377905133444
15,329577,15055,0.045679765274882655
16,327976,14725,0.04489657779837549
17,326377,14382,0.044065605113105394
18,324781,13886,0.042754964114280085
19,323188,13245,0.04098233845316039
20,321597,12816,0.03985111801416058
21,320009,12319,0.038495792305841395
22,318423,12045,0.03782704138834192
23,316840,11522,0.03636535790935488
24,315260,11191,0.03549768445092939
25,313682,10623,0.03386550710592256
26,312107,10281,0.03294062613142288
27,310534,9778,0.03148769538923274
28,308964,9463,0.030628163799018657
29,307397,8992,0.029252074678672857
30,305832,8719,0.028509116116037563
