theme,reviews,share_of_reviews,avg_stars,share_of_negative,share_of_positive,negative_lift,verdict
Too hard / stuck,1490,0.057933823243516466,2.338255033557047,0.10021132243354465,0.02463686702511837,4.067535142815635,Pain point
Bugs & crashes,2386,0.09277188071075858,2.476948868398994,0.14358803247692137,0.04325495546103844,3.319574160844002,Pain point
Lost progress,324,0.012597690423422372,2.5277777777777777,0.018351685018351684,0.006099028970387609,3.008951934390531,Pain point
Rewards & boosters,3828,0.14883937944710138,2.7173458725182864,0.20253586920253586,0.0942139475162507,2.1497440086310045,Pain point
Prices & pay-to-win,4795,0.1864380419145379,2.708029197080292,0.25759092425759095,0.12069657330872322,2.134202464876224,Pain point
Ads,3789,0.14732299078502276,2.8046978094484034,0.19797575353130908,0.10970227108578766,1.8046641293003969,Pain point
Events & new content,2210,0.08592869085112174,2.8244343891402717,0.10877544210877545,0.06058903779792954,1.795299051811193,Pain point
Friends & teams,2083,0.08099070725922469,2.8862217954872778,0.09954398843287732,0.06018778589198299,1.653890186482779,Pain point
Lives & waiting,1358,0.052801430848788834,3.089101620029455,0.055166277388499614,0.04542171575314983,1.2145353048376213,Mixed
Fun & relaxing,11950,0.4646370387651153,3.7485355648535563,0.28617506395284176,0.608618890939732,0.47020404429276913,Delight
