game_name,reviews,avg_stars,share_negative,top_pain,top_pain_share_of_negative
Goods Puzzle: Sort Challenge™,5000,3.0,0.4,Prices & pay-to-win,0.484
Match Masters,5000,3.0,0.4,Rewards & boosters,0.545
My Home Design - Modern City,4959,3.008267795926598,0.39503932244404116,Ads,0.11128126595201633
Triple Tile: Match Puzzle Game,4507,3.058131794985578,0.38562236520967386,Ads,0.6271576524741082
Open House: Match 3 puzzles,2457,3.3996743996744,0.3247863247863248,Events & new content,0.12155388471177944
Fruit Diary - Match 3 Games,1543,4.252754374594945,0.12248865845755022,Ads,0.10582010582010581
Tile Explorer - Triple Match,1319,4.321455648218347,0.14404852160727824,Ads,0.5631578947368421
Toy Match 3D: Triple Match,617,4.2025931928687195,0.1620745542949757,Ads,0.36
Simon's Cat Match!,317,4.709779179810726,0.05362776025236593,Too hard / stuck,0.23529411764705882
